0,1,2
5,2025-07-17,장마 롯데월드 눈치게임 좋았습니다
5,2025-07-09,어린이+성인 표 잘 사용하고왔습니다.
5,2025-07-07,주차 편리하고 눈치 게임 성공해서 나름 별로 안 기다리고 남자친구랑 너무 좋은 시간 보냈습니다🥰
3,2025-07-07,자녀와 대중교통으로 다녀오기 좋아요
5,2025-07-05,큐알코드 보여주면 바로 입장 가능해서 좋았습니다:)
5,2025-07-04,바로 사용 완전 편해요
5,2025-07-03,"롯데월드는 가족과 자주 방문합니다.
항상 즐겁게 보내요."
4,2025-07-01,입장 바로 가능하고 할인된 가격으로 이용할 수 있음
5,2025-07-01,쾌적하고 유쾌하고 즐거운 시간이었습니다.
5,2025-07-01,좋았어요 다음에 또갈게요
5,2025-06-30,아이와 즐거운 시간이었습니다.
5,2025-06-22,.
5,2025-06-21,입장이 큐알코드라서 너무 쉽게 편하게 입장 할 수 있어요^^ 감사 땡큐 합니다!!
5,2025-06-21,아이들이랑 좋은시간 보냈습니다
5,2025-06-14,당일 사용이 가능해서 편리해여
5,2025-06-12,재밌게 놀고왔어요 많이
5,2025-06-12,"당일 예약해서 빠르게 다녀왔어요
평일 오후 사람도 없고 한산해서 좋네요"
5,2025-06-04,좋아요 좋아요 좋아요 좋아요
5,2025-06-03,"방문하기 편리했고
qr찍고 바로 입장 가능했어요
평일에 가서 재미있게 잘 놀다 왔네요!"
5,2025-06-03,너무 재밌게 놀았음 ㅎ
5,2025-06-02,2인권 가성비 있게 구매해서 좋았어요
5,2025-06-02,매표소보다 훨씬 저렴한데 바로 입장 가능해서 좋았어요
5,2025-06-02,너무 좋게 싸게갔어요 ㅋㅋ 다음에 어디가게되면 또이용할게요 감사합니다^^
5,2025-06-01,좋은 경험이었습니다.
5,2025-06-01,큐앙로 바로 입장할 수 있어서 편리해요
5,2025-05-30,설명 그대로입니다. 만족해요
5,2025-05-26,너무 편하게 쉽게 입장했어요
5,2025-05-25,"제휴 카드가 없을시, 저렴하게 구입하여 놀다 왔네요. 좋아요"
5,2025-05-25,포켓몬스터 특집 잘 꾸며져있고 볼거리 많고 즐길거리 많음
5,2025-05-22,익스트림을 좋아한다면 후렌치 레볼루션을 놓치지 마세요~
5,2025-05-22,잘다녀왔습니다 감사합니다
5,2025-05-21,롯데월드 자유이용권은 마이리얼트리입!
4,2025-05-20,잼있었어요 아기 생일이라 갔는데 바로 입장이라 편했어요😀
5,2025-05-19,아이랑 놀기에 좋았어요 대기도 길지 않았어요
5,2025-05-19,좋은 가격에 재미있게 즐겼습니다!
5,2025-05-18,즐거운 하루 보냈어요
5,2025-05-18,싸고 짱짱 좋아요ㅛㅛㅛ
5,2025-05-17,"좋았습니다.
아"
5,2025-05-14,"바로 입장가능해서 편리하구요 정가보다 할인되어서 좋았어요~~
공연이라던지 놀이기구도 좋았어요~
먹을거라던지 편의시설두요~^^
또 방문 하고싶어요~"
5,2025-05-12,....   .
5,2025-05-12,다양한 놀이기구를탔다
5,2025-05-11,…………………………
4,2025-05-11,즐거운 시간 보냄
5,2025-05-10,굿둣둣굿둣둣굿굿굿굿
5,2025-05-10,확인절차까지 간편해서 좋았다
5,2025-05-10,굿 제휴카두 없어서 앞에서 급하게 결제했는데 바로 입장 가능합니다
5,2025-05-09,잘 사용했습니다 ㅎㅎ급하게
5,2025-05-07,어린이도 아닌데 어린이날에 잘 즐겼습니다 최고링
5,2025-05-07,"저렴하고, 간편한 구매 좋아요:)"
5,2025-05-05,주차 사전정산은 큐알코드화면에서 정산하기 누르면 됩니다^^
5,2025-05-05,지하철에서 롯데월드 가기가 좀 햇갈리는 부분이 있음. 지상으로 가면 더쉬움.
5,2025-05-05,잘다녀왔어요 다음에도 이용할께요
5,2025-05-05,"입장이 쉬웠어요.
따로 발권 없이 입구에서 qr코드만 읽으면 바로 입장 가능했습니다."
5,2025-05-03,좋아요~~~~~~~~~
5,2025-05-03,"저는 롯데쇼핑 임직원 일 당시에 카드 전월 실적 20만원채웠고 본인만 60% 할인 된다고 해서 오후 16시 이후에 들어갔습니다
같이간 지인을 위해 해당 이용권을 구매 후 같이 방문하였는데요 정말 바로 구매후 당일날 사용을 했는데, 이상없이 잘 완료가되었었고인지 원가 20,800원 보다는 좀 비싸긴 하지만 일반인들에게는 너무 괜찮은 가격대라고 생각합니다.
첫 구매에는 추가로 할인을 해줘서 더 좋았고, 두 번째 구매 때는 삼만 5000원 대 이용을 해 볼 수 있겠지만 그래도 만족하는혜택이었습니다."
5,2025-05-03,그전애는 카드할인 밖에 완전좋아요
5,2025-05-03,"인기많은건 줄이 너무 길어서 타지는 못했지만
밖에서 줄서서 기다리는 놀이기구는 더운날엔 좀 힘들어서 썬크림 잘 바르고 선글라스 챙겨가면 더 좋을것같아요
가격이 싼건 아니지만 볼것도많고 사진찍을수있는 곳도 많아서
합리적인 가격이라고 생각하긴 해요"
5,2025-05-03,큐알코드만 찍으면 입장이 바로 가능해서 좋았습니다
5,2025-05-03,저렴하게 잘 다녀왔습니다 ~^^
4,2025-05-03,아가가 즐거워해서 좋았어요.
5,2025-05-02,놀이기구 타기 신나요
5,2025-04-30,매우 재밌었습니다 줄이길어요
5,2025-04-30,재밌었어요~~~~~~
5,2025-04-30,즐겁게 잘 다녀 왔습니다
5,2025-04-30,좋습니다감사합니다 잼있게 놀았너요
5,2025-04-29,"오랜만에가도 재미있는 롯데월드
평일이라 사람없어서 좋았음!"
5,2025-04-29,예약하기 쉽고 바로 사용가능해서 좋습니다!
5,2025-04-29,좋아요!!!!!!!
5,2025-04-29,바로 큐알코드 찍어서 좋앗음
5,2025-04-28,bhc 겁나 꿀맛 최고
5,2025-04-28,탑승 숫자가 적은 놀이기구는 매직패스에 주의하십시오
5,2025-04-28,좋은 경험 행복한 추억
5,2025-04-27,롯데월드롯데월드푸키몬롯데월드
5,2025-04-26,"바로 구입, 바로 사용...
아주 편하고 좋았습니다..."
5,2025-04-25,덕분에 저렴한 가격에 다녀왔습니다 😆
5,2025-04-25,친규들이랑 잘 놀고왓습니다
5,2025-04-23,조아요!!!!!!!!
5,2025-04-23,오랜만에 즐거웠어요.
4,2025-04-22,아이와 놀이동산 방문
5,2025-04-22,그냥 넘 재밌어요!0
5,2025-04-20,빠르게 입장할 수 있어서 좋았어요
5,2025-04-17,처음시켰는데 잘 받았어요
3,2025-04-17,n n n n n n
5,2025-04-14,사용하기 편했습니다
5,2025-04-14,좋았어요 다음에 또 오고싶어요
5,2025-04-12,재미있게 놀다 왔어요^^
5,2025-04-07,일정 불확실 해소
5,2025-04-03,싸고 좋게 여자친구하고 데이트했습니다🥳🥳
5,2025-04-02,블로그 검색으로 최대할인
5,2025-03-30,너무 좋은경험 하고 돌아갔습니다!
5,2025-03-30,저렴하게 다녀왔습니다!
5,2025-03-27,바로 사용 가능해서 좋았어요
5,2025-03-26,"재미있었어요
평일 오후에 방문해서 어트랙션 5개 타고 왔습니다"
5,2025-03-23,"하나카드 할인, 기타할인 적용 했을 때보다 더 저렴해서 구매했어요. 구매 후 바로 사용가능해서 좋았습니다."
5,2025-03-23,놀이공원은 역시 롯데월드
5,2025-03-22,"바로 입장했어요~
싸게 잘 다녀왔어요"
5,2025-03-20,방문하기 편하고 간단해서 좋았습니다.
5,2025-03-17,즉석에서 바로 사서 입장할 수 있어서 좋았다.
5,2025-03-17,딸아이 사줬는데 재미나게 사용하고 왔어요
5,2025-03-16,가격괜찬쿠 바로사용가느으
5,2025-03-16,바로 들어갈 수 있어서 너무 좋았습니다
4,2025-03-13,좋습니다 또갈게요 ㅎㅎ
3,2025-03-11,좋아요잘놀다갑니다
5,2025-03-10,"재밋어여
!!!!!!"
5,2025-03-09,너무 좋았어요~저렴해요~
5,2025-03-07,바로 입장 가능해서 좋아요
5,2025-03-07,정말 편리하게 잘 사용했습니다
5,2025-03-07,좋아요 싸게 잘 갔다왔어요
5,2025-03-07,정말 편해요 마이리얼트립 최고!!
5,2025-03-06,최저가로 사용할 수 있어서 좋았어요
4,2025-03-04,바이킹이나 후렌치레볼루션 같은 몇 몇 라이드는 키오스크에서 장해진 시간에 사전 예약을 해야해서 이용하기가 더 복잡...
5,2025-03-04,구매후 바로 사용가능해서 좋고 타사이트 비교시 제일 저렴했어요
5,2025-03-04,말 그대로 롯데월드
5,2025-03-03,덕분에 편하게 다녀 왔어요
5,2025-03-03,좋습니다 헤헤~~~~
5,2025-03-03,역시 믿고 예역하는 마이리얼트립
5,2025-03-03,"당일 갑자기 아이가 친구들과 간다고해서 바로 구입해줬어요.
큐알로 바로 입장할수있어서 편하고, 좋아요."
3,2025-03-03,"롯데월드 좋죠..
하지만 사람이 너무 많네요..."
5,2025-03-03,편리하게 잘 이용하고 주차도 웹에서 편리하게 정산했습니다.
5,2025-03-03,"가장 저렴한 서이트인거 같아요.
잘 구매해서 즐겁게 놀았아요~"
5,2025-03-02,좋았어요 재구매의사있음
5,2025-03-02,다른 어플에 비해 싸게 구입한것같아요
4,2025-02-28,잘사용하고있습니당^^
5,2025-02-28,놀기 좋으나 매직패스를 유도하는 대기줄… 평일인데도 방학이라 그런지 사람이 많네요~
5,2025-02-27,"평일 아틀란티스
2시간 기다려서 탈 수 있어요ㅠ"
5,2025-02-27,방학이라서 갔는데 여전히 사람 많은 롯데월드~
5,2025-02-26,바로 입장 가능하여 편리하게 사용하였어요~
5,2025-02-25,바로 사용가능 아이가ㅜ넘 좋았어요
5,2025-02-25,하루 즐겁게 잘 놀다 왔습니다.
3,2025-02-25,월요일인데요 사람 겁나많음 ㅎㅎ 다시는 안갈듯요
5,2025-02-24,재밌게 잘 놀았어용 놀이기구도 많이 타고 좋았습미다
5,2025-02-23,"쿠폰 결제가 되는건 좋았는데 청소년 요금이 따로 결제가 안되는건 조금 아쉬웠어요 그래도 간편하고 원가보다 더 싸게 구매해서 친구랑 재밌게 잘 다녀왔습니다. 아이폰 기준 문자로 오는 링크 누르면 바로 사파리로 연결돼서 빠르게 큐알도 찍을 수 있어서 편하게
입장했어요 감사합니다:)"
5,2025-02-23,굿 정말 재미있게 놀다왔어요.
5,2025-02-19,좋은 가격에 가족들과 함께 즐거운 시간이었습니다
5,2025-02-18,︎︎︎ ︎ ︎ ︎ ︎ ︎ ︎ ︎ ︎ ︎
5,2025-02-18,사용하기편해요 문자로 qr코드전송되요
5,2025-02-18,싸게 잘구매한것 같습니다.
5,2025-02-17,할인이율 가장 좋았고 예약과 사용이 편리한점이 좋았습니다 !
5,2025-02-17,즉흥적으로가고싶을때꼭사용하네요ᆢ편하고좋아요
5,2025-02-17,저렴한가격에이요할수 있어서 좋았고 아이들과 재밋었어요
5,2025-02-16,다 좋았습니다 베리굿
5,2025-02-15,너무너무너무 쪼아용
5,2025-02-13,재미있어요~~좋았어요
5,2025-02-12,바로 사용이 가능해서 편리하네요
5,2025-02-12,잘 다녀왔어요~~~
5,2025-02-10,딸이 친구들과 놀러간다고 해서 저렴한 금액 찾다가 구입하게 됐어요. 공유하기도 편하고 금액도 저렴하게 잘 구입한 것 같아요^^
5,2025-02-10,"가격도 저렴하고 해서 대만족하며  즐겁고 신나게 즐기고 왔어요 ^^~^^다음에도 구매 확정하고 싶어요
감사합니다"
5,2025-02-10,잠실에 사람많은 놀이공원
5,2025-02-09,덕준에 저렴하고 슈ㅣㅂ게 잘 다녀왔습니다 감사합니다
5,2025-02-08,저렴하게 이용할 수 있어서 좋았습니다
5,2025-02-08,"아닙나다
ㅋㅋㅋㅋㅋㅋㅋㅋ"
5,2025-02-08,결제하고 입장하기 편리했어요
5,2025-02-08,평일이지만 사람 많더라구요
5,2025-02-08,바로 도착해서 좋아요
5,2025-02-08,처음에 대기 줄이 엄청 길길래 아……..몇시간은 기다려야겠다ㅠㅠㅠㅠ햇는데 엇….2분만에 입장햇습니다…. 4시에 입장해서 8시반에 나왓는데 인기놀이기구 3개나탓구 만족햇어여 주말에 갓는데도 이정도면 이번처럼 다른곳에서 놀다가 롯데월드 가는게 조을것갘아요
5,2025-02-07,저렴하게 편히 이용했습니다.
5,2025-02-06,"겨울에는
롯데월드가 최고"
5,2025-02-06,언제나 롯데월드 즐거워요
5,2025-02-06,동생이누친구들이랑 간다해서 사줬어요 재밌게 잘다녀왔대요
5,2025-02-05,"저렴한 가격에 잘 구매해서 다녀왔습니다. 방문일 하루 전에
발권했는데 잘 이용했어요."
5,2025-02-03,이용하기 편해서 잘 이용했습니다. 감사합니다.
5,2025-02-03,"특별히 없었어요~
잘 다녀왔습니다~~"
5,2025-02-02,현장에서 구매하는것보다 저렴했어요
5,2025-02-01,좋았습니다 저렴하게 이용했어요
4,2025-02-01,구매후 이용이 편리해서 좋아요
5,2025-02-01,"오픈런하시고 놀이기구 위치 파악후 바로 줄 서는 동선 알아가세요
대기가 어마어마합니다"
5,2025-02-01,Very very nice
5,2025-01-31,"넘 재밌게 잘
즐기다 왔습니다"
5,2025-01-31,좋아용.
5,2025-01-30,편하고 너무 좋았어요. 제일 저렴합니다.
5,2025-01-29,"예약확정이 빨라서 바로 이용할 수 있었습니다.
감사합니다!"
5,2025-01-29,좋았어요재밌어욯ㅎㅎ
5,2025-01-29,사용하기 편해요 잘다녀왔습니다
5,2025-01-29,저렴하고 입장할때 qr만 보여주면 노룩입장이어서 정말 편했습니다
5,2025-01-28,친절하게 안내해주셔서 좋았어요 옷도 깔끔해요!
5,2025-01-28,바로 입장이 가능해서 좋앗습니다
5,2025-01-27,게이트에서 바로 입장되서 좋았습니다.
5,2025-01-27,딸아이와 즐거운 추억 안고가요
5,2025-01-27,재밌게 잘놀았습니ㅏㄷ. 감사합니ㅏㄷ.
5,2025-01-27,매우 편리했습니다.
5,2025-01-27,의외로 일요일이 사람이 적어 놀기 좋았어요.
5,2025-01-24,바로 입장 가능해서 가격도 저렴해용
4,2025-01-23,재밌었습니다. 또 갈 것 같아요.
5,2025-01-22,바로 입장 가능해서 좋았어용
5,2025-01-22,발권이 빨라서 좋습니다
5,2025-01-21,바로입장가능하고즐겁게놀다왔어요
5,2025-01-21,간단하게.입장 가능하여 좋았습니다
5,2025-01-20,동생 예매해 주었는데 재미있게 다녀온 것 같아요~
5,2025-01-19,토스할인까지해서 최대할인받았네요.  마이리얼트립이 제일저렴하드라구요.
5,2025-01-19,하하하하하하 하하하하하하
5,2025-01-18,굿 잼있었어요 아이들이 좋아해요
5,2025-01-18,당일 사용가능해서 편하고 즐겁게 잘 놀다 왔어요^^
5,2025-01-17,남자친구와 함께 다녀왔는데 방학임에도 불구하고 추운날씨여서 그런지 사람이 적어서 신나게 놀고왔어요`⎚⩊⎚´ -✧
5,2025-01-16,편하게 입장권 살수 있었습니다
5,2025-01-14,너무너무재밌어요~~사용이편해요
5,2025-01-13,주말이용임에도 불구하고 붐비지않았어요..인기 어트렉션외엔 쉽게이용가능했어요~
5,2025-01-12,아이들 맨앞에 줄서서 잘놀았습니다
5,2025-01-11,좋은 경험이였습니다
5,2025-01-11,
5,2025-01-11,덕분에 좋은가격에 가족들과 잘놈
5,2025-01-10,매우만족합니다 재미있게 놀음
5,2025-01-09,"바로 입장가능
간편함
제일 싼가격"
5,2025-01-08,간편하게 사용했어요
5,2025-01-07,가격이 저렴해서 좋았습니다
5,2025-01-06,아이랑 이용했어요 바로 입장 가능해서 좋아요
5,2025-01-06,좋았습니다. 간편했어요
5,2025-01-05,"굉장히좋았습니다재미있네요,"
5,2025-01-05,아라나아자아자아아난아아
5,2025-01-05,좋아요 아기가 너무 좋아햇어요
5,2025-01-03,바로 입장 가능해서 좋았어요
5,2025-01-03,매표소에서 기다리지 않고 바로 들어갈 수 있어서 좋았네요!
5,2025-01-01,좋은 데이트 였습니당
5,2024-12-27,놀러가기 굉장히 좋았어요.
3,2024-12-27,"최근의 놀이동산은 대부분의 어트랙션을 예약제로 운영하며, 적절하게 매직패스등을 사용해야 합니다. 롯데월드 앱을 설치해야 하며 이 상품권을 쓰기 불편했습니다."
5,2024-12-27,바로 입장가능하고 구매 및 사용까지 편리했습니다^^
5,2024-12-27,"너무 좋아요 ㅎ
아들이 편하게 잘 놀러가요.
착한 가격에 감사합니다.~♥"
5,2024-12-27,딸 아이랑친구랑 저렴한가격에 구입잘해서. 잘사용하고 잼나게 놀다왔네요
5,2024-12-27,롯데 앱 보다는 저렴하게 구입잘했고  딸 아이가 잘 사용했네요
5,2024-12-27,링크들어가서 사진만 보여주면 됩니다 엄청 편해요
5,2024-12-25,편하게 예매해서 다녀올 수 있었어요
5,2024-12-24,즐거운 시간 보냈습니다
5,2024-12-24,제일 저렴하게  입장권 구입했어요
5,2024-12-23,"여기서 예약하고 가니 아주 편리하네요.
즐겁게 이용 잘 했습니다!"
5,2024-12-23,저렴하게 구매해서 잘 다녀왔습니다! 당일 사용도 가능해서 좋았어요 다음에 또 이용할게요!
5,2024-12-22,"금요일 연차쓰고 방문하였어요
생각보다 대기시간이 길지 않았고
크리스마스라 볼거리 놀거리가 많아서 좋아요 또 12월20일 저녁때쯤 눈이 내려서 더 기분이좋았어요 최고에요 ~^^♡"
5,2024-12-22,감사합니다 즐거웠습니다
5,2024-12-18,즉시 사용할 수 있는 점이 너무 좋네요.
5,2024-12-16,쿠폰 발급도 빠르고 좋았습니다
5,2024-12-16,퍼레이드 보기 위해 방문하였는데 만족스러웠습니다
5,2024-12-15,오랜만에 아들과 데이트♡
5,2024-12-15,좋았습니다 ~~~~
3,2024-12-14,없음 .사람 겁나 많음
4,2024-12-09,예약과 위치 아주 맘에 들었습니다
5,2024-12-09,문자로 qr이 온다는 것을 꼭 기억하고 확인하기! :)
5,2024-12-09,좋은 가격으로 잘 놀았어요
5,2024-12-09,7시에 들어가서 아틀란티스랑 신밧드의모험 두개 탔어요. 아틀란티스 줄이 길어서 더 많이는 못 탔습니다. 즐거운 시간이었습니다!
5,2024-12-07,넘 좋았슺니다!!!!
5,2024-12-06,출발하기 한시간전 구입하서 출발했고 어려움 없이 들어가서 이용했어용 좋아요
5,2024-12-06,사용편하고 가격 만족입니다. 전화 문의도 친절하게 답변해주셨습니다.
5,2024-12-05,딸아이가 즐겁게 놀고왔대요
5,2024-12-03,가성비 있는 가격으로 즐거운 여행 즐길 수 있었습니다!
5,2024-12-03,"싸게 구입했고 큐알도 카톡 메일로 바로 오고
수능 전날이라 약간 빡셌지만 너무 재밌었음"
5,2024-12-02,큐알 설명 잘 해줬으면 좋겠어요
5,2024-11-30,표를 미리 예매하지 못해서 난감했는데 다른 사이트보다 비교적 싸게 구입할 수 있어서 좋았다
5,2024-11-29,.잘즐기고갑니다~~
5,2024-11-28,가격도 합리적이고 바로 사용 가능해서 좋아요
5,2024-11-27,"평일 저녁에도 사람이 많았지만, 식당이나 카페들은 웨이팅 없이 좋았어요! 민속박물관까지 알찬구성으로 저녁 퍼레이드까지 잘 즐기고 왔습니다👍🏻"
5,2024-11-26,편하게 qr입장했습니다
1,2024-11-25,사람너무많아서 타는게 불가능
5,2024-11-24,야무지네욯ㅎㅎㅎㅎㅎ
5,2024-11-24,"놀이기구타기, 퍼레이드 보기"
5,2024-11-21,..........
5,2024-11-19,바로 입장 가능해서 좋아요
5,2024-11-10,좋은가격에 잘 구매했어요
5,2024-11-09,7-10 생긴지 몰랐는데 잘 썼습니다. 퍼레이드랑 공연만보고 나와어요 흐흐
4,2024-11-04,저렴한 가격으로 잘 다녀왔습니다. 특히 기간안에 사용안할시 환불가능이 넘 좋았어요. 잘 사용하긴했지만 기분이란게 다른거 같더라구요. 일단 취소가능이 좋았고 실제 잘 다녀와서 알찬시간 보낼수 있어 좋았습니다. 재구매의사 100%입니다 ㅋ
5,2024-11-04,행복한 하루를 보냈어요
5,2024-11-04,굿굿이에요 쪼 이용할게요
5,2024-11-04,아이가 시험 끝나고 친구들이랑 가서 재밌게 놀고왔어요^^ 다음달에 또 간다니 또 이용할게요^^
4,2024-10-30,딸이간다해서 구매해줬어요 바로 쓸수있어편한듯요
5,2024-10-26,좋은 좋은 좋은 좋은
5,2024-10-25,저렴하게 이용했습니다
5,2024-10-22,오후에 급하게 해서 갔는데 짧은시간 잘놀수 있어서 좋아오
5,2024-10-21,오랜만에 롯데월드 저렴하게 다녀올 수 있었습니다
5,2024-10-21,덕분에 재미있게 잘 놀았습니다.
5,2024-10-18,"쉽게 입장 가능했고, 비싸지 않은 가격에 이용할 수 있었습니다"
5,2024-10-15,예약 시 문자로 링크 발송되는데 링크 접속 시 QR로 바로 입장 가능해요 편리합니다
5,2024-10-14,굳굳 재밌습니다 역시 롯월
5,2024-10-13,서울에 있어서 가기도 좋고 데이트로 굿입니다ㅎㅎㅎ
5,2024-10-13,싱글라이더 이용을 할 수 있어 아이가 효율적으로 기구를 탑승할 수 있었음
5,2024-10-10,연인과 행복한 시간 보냈습니다
3,2024-10-09,"앞으론 종일권 끊고 가야겠어요ㅠ
반일권은 시간이 촉박함ㅠ
민속박물관은 일찍 문닫아서
박물관 먼저 가는걸 추천"
5,2024-10-06,행복하게 가족들이랑 놀았어요
5,2024-10-06,아이가 친구들과 재미있게 놀고 왔어요.
5,2024-10-03,"딸아이랑 잘다녀왔어요~
덕분에 좋은 추억남겼네요~*^^*"
5,2024-10-03,가격이 다른것에 비해 가장  저렴했어요 편하게 잘사용했어요~
5,2024-10-03,"아이와 즐거운시간 보냈어요 ^^
어떤 루트보다도 저렴하게 다녀온거같아서 뿌듯하네요 ㅎ"
5,2024-10-03,"매직페스는 입장때 개인 폰번호가 있어야만 해여
외국서 들어오면 번호 없어서 구입에 고생했습니다"
5,2024-10-03,좋아요~~^^ 저렴하게 재밌게놀다와요
5,2024-09-30,다 좋았어요 예약도 편하고요
5,2024-09-30,굿굿굿 재밌게잘놀다왔어요
5,2024-09-28,"예약 간편하게 했네요
아"
5,2024-09-26,너뮤너무 잘 갔다왔습니다
5,2024-09-25,아이들과 함께 여행하기 좋았어요!
5,2024-09-25,보통 구매당일엔 사용 못하는데 이건 비로 사용할 수 잇어서 아주 조아여
5,2024-09-25,큐알로 바로 입장가능해서 좋았어요!
5,2024-09-23,가격 저렴하게 잘 이용했습니다
5,2024-09-23,아이와 즐거운 하루를 보낼 수 있었습니다.
5,2024-09-16,롯데월드 어드벤쳐 종일권
5,2024-09-16,아이들과 즐거운 시간이었어요^^
5,2024-09-13,너무 최고였습니더 후후
5,2024-09-09,바로입장이 가능해서 너무 편했어요! 타 업체보다 저렴한 점도 아주 훌륭!!! :)
5,2024-09-06,얘약하기편하고 좋았음요
5,2024-09-04,편하게 바로 입장할 수 있어서 좋아요
5,2024-09-02,저렴하게 잘 다녀왔어요
5,2024-09-02,"저렴하게 신나게놀았어요
기다리지않고 바로 패스~~^^
좋았습니다."
5,2024-09-02,카드할인보다 더 저렴한것 같네요..자주 사용할일은 없지만 아주 가끔 사용할때마다 대만족입니당~^^
5,2024-09-02,친구랑 잘 다녀왔어용 ! 담부터 통신사 할인이나 여기서 살듯 !
5,2024-09-02,구매가 편리하고 큐알로 발급이 되어서 매표소에 굳이 줄을 서지 않아도 편하게 입장 가능했어요^^ 입장하자마자 바로 아일랜드로 달려가야하는 거 아시죵??
5,2024-09-02,"급 당일 방문으로 구매했는데
젤 저렴하게 바로 사용할수있어서 좋았어요~!"
5,2024-09-02,롯데월드 애프터4 입장권으로 어트렉션도 이용할 수 있고 저녁 퍼레이드까지 볼 수 있어서 너무 좋았어요.
5,2024-09-02,큐알티켓 결제하고 몇분안되서 바로 와요.
5,2024-09-02,"잘이용했어요.
즐여"
5,2024-08-31,아이들과 즐거운 시간 보냈습니다 감사합니다
5,2024-08-31,롯데월드는 아이들의 천국이죠. 좀 크니까 갈만합니다.
5,2024-08-27,주차가 조금 힘들었지만 재밌게 놀다왔어요!
5,2024-08-26,예약하기도 간편하고 저렴해요
5,2024-08-26,"금요일이라 사람이 많을 줄 알았는데 날 잘 잡아서 갔나봐요!
매직패스 안 끊었는데도 웬만한 놀이기구 여유롭게 다 탔네요
몇년 만에 가는 롯데월드인데 부쩍 비싸진 비용 때문에 좀 부담스러웠는데 주말 아니고 평일 즈음이면 4만원 돈 주고 가기 넘 좋은 것 같아요
싸게싸게 잘 왔다는 생각이 마구 드네요 넘 재밌게 놀았습니다"
5,2024-08-26,롯데월드 이용시 종종 구입하는 좋은 상품 입니다.
5,2024-08-25,재미있게 잘 사용했습니다. ❤ 😊🥰😄😄😄😄😄😄😄
5,2024-08-23,. ………………….
5,2024-08-23,아이와 재밌게 놀고왔어요
5,2024-08-17,덕분에 가족들 모두 즐거운 하루였어요~
4,2024-08-15,저렴하게 잘다녀왔어요  주중인데도 사람이 많아서 20분 줄서서 기다려서 입장
4,2024-08-15,생각보다 괜찮아요 ~~
5,2024-08-14,"운 좋게 사람이 적어 놀기 편했습니다.
유모차 끌고 가는 사람들은 엘레베이터 이용이 불편할 수도 있어요. 일반 분들도 엘리베이터를 많이 이용하시네요. 휠체어가 타도 비켜주지도 않고 그러네요. 새치기하는 중학생들까지.."
5,2024-08-11,바로 방문 할 수 있어서 좋아요
5,2024-08-05,싸게 잘 사용하였습니다
5,2024-08-04,"저렴한 가격에 잘 다녀왔어요~
6세 아이와 함께 키가 110cm 넘어가니 탈것도 많고 좋네요^^"
5,2024-08-03,가장 저렴한 가격으로 바로 잘 사용했습니다^^b
4,2024-08-03,"부산보다 훨씬 좋을거라고 기대하고갔는데
실내라 그런지 답답한 느낌이 들었고
다소 더웠습니다.
식당가는 일손이 부족해보였고요
아이는 좋아했지만
기대에 미치지못하는 경험이긴했습니다"
1,2024-08-03,"예약도 편하고 당일 바로 쓸 수 있는것도 참 좋고, 가격까지도 마이리얼트립은 다 좋았으니 롯데월드의 유아 놀이 시설인 드림보트 직원이 너무 불친절해서 롯데월드 이미지까지 나빠졌네요."
5,2024-08-03,싸게 잘 다녀왔어요.!!!
5,2024-08-03,롯데월드 저렴하게 갔다와서 너무 좋았어요~
5,2024-08-03,자유이용권으로 잘이용하고 왔네요 좋습니다
1,2024-08-03,"이제 다시는 안간듯...
어릴적 추억으로만 남길래요
입장하는데부터기계 고장나서 줄서고
뭐 하나 타려해도 2시간
밥먹는데도 1시간 줄서고
덥고 힘들고
다신 안갈듯합니다"
5,2024-08-03,아들이 자알 다녀왔습니다아
4,2024-08-03,"5시쯤에 예약이 다 끝나기때문에
예약 해야만 탈수있는것들은 줄도 못서게 합니다
7시이후에 들어가면 탈 수 있는게 별로없어요
왜 애프터세븐 티켓을 파는지 이해가 안되네요"
5,2024-08-03,"마리트 에서 구입한 표가 가장저렴했습니다.
즐거운 시간 이었어요"
5,2024-08-02,즐겁게 잘 놀고 왔습니다.
5,2024-08-02,가성비좋게 아이들 놀러가기좋아요
5,2024-08-01,할인이좋아서 저렴하게 잘다녀왔어요 매번좋네요
5,2024-08-01,ㄴㅇㄹㅇㄹㄴㄹㄹㄴㅇㄹㄴ
5,2024-07-31,아이들과 잘놀았어요
5,2024-07-31,큐알이 메시지로 옵니다 정크메시지함을 확인
4,2024-07-29,ㄱㄱㄹㄹㅁㅇㅇㅇㅇ시
5,2024-07-27,"더 저렴하게 구매할 수 있어서
좋았어요.
바로바로 사용 가능해서 그것도 너무 좋았음!"
5,2024-07-27,바로 문자주셔서 잘 사용했어요
5,2024-07-27,조카데리고 갔는데 좋아했고 주변에 다른 관광도 볼수 있어서 좋아요
5,2024-07-27,가족들과 입장료 사려면 부담인데 마이트립에서 저렴하게 잘 구매한것 같아요
5,2024-07-23,"아주 좋아요.
강추합니다.
캡짱"
5,2024-07-22,굿~~굿 ㅎ 귯 큣넝
5,2024-07-18,롯데월드가서 재밌는 시간 잘 보내고 왔습니다
5,2024-07-17,오랜만에 잘 놀고 돌아왔습니다.
4,2024-07-15,처음에 큐알이 안와서 당황햐서 문의 드렸는데 너무 친절하게 알려주셔서 편하게 다녀온거같아요!!
5,2024-07-15,표는 잘 사서 바로 잘썼습니다. 하지만 롯데월드는 평일 낮에도 줄이 길다는게 함정 ㅋ 평일낮에도 서너개 타기 힘들어요.
5,2024-07-12,"바로 QR코드 전송되서 아무날짜고 편할때 이용간으하고 주차정산도 편리하고
저렴한가격에 이용할 수 있어서 최고에요~~"
5,2024-07-06,"좋았음
너무 줄거웠음
짱이였음"
5,2024-07-06,높은할인률로 저렴하게 구매했어요
5,2024-07-04,롯데월드 입장시 너무 비싸서 당일 티켓 알아보는 중 가장 저렴하게 구입하고 바로 입장 할 수 있어서 감사했습니다. ^^ 저렴하게 잘 놀다 갈께요~!!
5,2024-07-03,너무 즐겁고 알찬 시간이 었습니다
5,2024-07-03,들어가기 직전에도 구입하여 사용할 수 있어서 좋았습니다.
5,2024-07-03,"석촌동 거주할때 가까워서 그런건지 오히려 안가게 되다가,
아내가 오랜만에 가보고 싶대서 급하게 티켓 구매했습니다.
카드할인, 통신사할인 그딴거 다 필요없을정도로 저렴함에 깜놀했습니다.
티켓도 톡으로 바로 전송되고, 아주 편하게 잘 이용했습니다.
시설은 뭐.. 6월이라 그런건지 실내쪽도 냉방은 잘 안하는듯 해서 매우 더웠으며, 기구들은 오래되서 노후가 되었음에도 꾸준한 관리를 해줘서 그런지 안정상 불안함은 없었습니다.
결론은 매우 만족!"
1,2024-07-02,큐얼코드 바로 안보내줘서 당일에 전화하니 그제서야 보내줌... 그것때매 입장도 딜레이 됐어요... 가격도 카드할인하면 훨씬싸니까 카드할인해서 가는걸 추천드립니다
4,2024-07-01,딱 7시 맞춰 들어가야합니다.
5,2024-06-27,빠르고 쉽게 예약했습니다
5,2024-06-26,모든것이 완벽합니다
1,2024-06-24,"국내 놀이동산 직원들은 진짜 불친절한데
롯대월드가 제일 심한거 같아 늘 불쾌해요"
5,2024-06-20,잘 사용했습니다~ 로떼월드~~~
5,2024-06-17,"아이낳고 아이랑은 처음 가보았는데,
아이가 탈 수 있는것들도 꽤나 많고 아이가 너무 좋아했어요!
가격도 지금 물가대비해서는 저렴한편같고(물론 할인받아서ㅋㅋ)
담에 또 가야겠어요:)
주말보단 평일🫰"
5,2024-06-17,성인되고 가니 진짜 재밌네요
5,2024-06-17,"빠르게 입장할 수 있게 도와줘서 좋았습니다!!
덕분에 잘 즐기다 가요 :)"
5,2024-06-16,애프터 7 아주 좋아요
5,2024-06-11,잘 이용했어용 ㅎㅎㅎ
5,2024-06-09,최저가로 예매하고 바로 사용할 수 있어 항상 애용하고 있어요~
5,2024-06-08,싸게 잘 이용하였습니다
5,2024-06-08,싸게 잘 이용가능함
5,2024-06-07,좋스비다아~~~언제나 재밌큰곳
5,2024-06-07,"마이리얼트립 덕분에 편안하게 잘 사용했어요.
고맙습니다."
5,2024-06-03,오픈 시간부터 마감시간까지 저렴하게 잘 놀았습니다. 모바일 티켓이라 사용도 편하고요.
5,2024-06-03,입장이 너무 편리해졌어요.옛날에는 사람이 많아서 줄서서 한참 기다렸지만 QR덕분에  바로입장이돼서  얼마나 편한지 몰라요~즐길 거리도 많고  뮤직 공연도 자유롭게 볼수있어서 너무 즐거웠어요~^^
5,2024-06-03,집근처라 야간권 알차게 이용했어요~ 아직 기구 못타는 아이라 야간권이 딱 맞는거 같아요! ㅎㅎ
3,2024-06-03,너무 무서워요...
5,2024-06-03,Goodfoodgood편하고좋아요
5,2024-06-03,큐알이 바로 와서 다른 착오 없이 잘 들어갈수있었어오
4,2024-06-01,전반적으로 만족합니다.
5,2024-05-30,ㅌㅌㅌㅇㅇㅇㅇㅇㅇㅇ
5,2024-05-30,에프터4 너무 좋아요 바로 사용가능했어요
5,2024-05-29,예약과 동시에 바로 티켓이 와서 서용허기 편했습니다.
5,2024-05-26,즐거운 것이었습니다 와하하
5,2024-05-26,아이가 친구들과 다녀왔어요 재밌게 잘 놀고 왔다네요
5,2024-05-26,저렴해 잘 이용했습니다 굿굿
5,2024-05-23,아주 편하고 좋네요
4,2024-05-20,바로 사용하기 편하다
5,2024-05-19,즐거웠습니다.~!!
5,2024-05-15,흡연장.및 지도위치도가 매우아시워요
5,2024-05-14,너무 재미잇어요ㅎㅎ
5,2024-05-05,아주아주어주어ㅜ아주 좋았어요!
5,2024-05-05,싸고  저렴하게 잘 다녀  왔어요
5,2024-05-04,"온라인으로 예매한 롯데월드 자유이용권 중에
가장 저렴했어요. 감사합니다.
근데 롯데월드 막상 처음 가보니까
다리만 너무 아프고 놀이기구를 별로 못 탔어요.
처음 가서 헤맨것도 있는데다가
사람도 더럽게 많고
(진짜 놀이기구마다 거의 40분넘게 기다린듯)
무슨 꼬지하나 음료하나에 만원 넘어서 더럽게 비싸고
(같은 만원이면 서울에서도 제대로 된
밥 한끼 사 먹을 수 있어요.)
재미있는 핵심 놀이기구는
현장에서도 예약해야 탈 수 있다고 해서
아무것도 못 탔어요.
지금 다시 생각하면 롯데월드만 욕하고 싶은 심정인데
혜택 좋고 로고가 예쁜 리얼마이트립에서
욕하고 싶지 않네요. ^^
롯데월드는 별 한개지만
리얼마이트립은 별 다섯개 주고싶네요."
5,2024-05-04,바이킹같은건  따로 예약해야 탈수있어요
5,2024-05-04,7시 이후 입장인데 좋은 가격의 입장권으로 짧은 시간 알차게 재밌게 놀고 왔습니다
5,2024-05-04,싸게 잘샀어요. 근데 롯데월드 요즘 인기있는 어트랙션은 매직패스 말고도 내부에서 또 예약해야 탈 수 있더라구요...ㅎ
5,2024-05-01,좋았어요 저렴하게구매하고요
5,2024-04-30,사용하기 편하고 저렴하고 너무 좋아요.
5,2024-04-29,바로 사용할수 있어서 너무 좋았어요
5,2024-04-29,저렴한 가격으로 예매할수있어서 좋았어용
5,2024-04-25,즐거운 시간 이었습니다 :)
5,2024-04-22,저렴하게 구매해서 딸이랑 좋은 추억 많이.만들고 왔습니다
5,2024-04-22,그냥 바로 사서 바로 입장가능 너무 편함 다떠나서 그냥쌈!!
5,2024-04-22,오랜만에 저렴한 가격으로 많은 놀이기구들을 탔습니다.
5,2024-04-22,아이가 예매권으로 입장잘했다고 하네요
5,2024-04-22,"아이와같이갔는데,기다리지않고바로입장할수있어서편리했어요
할인도해주셔서좋았습니다"
5,2024-04-22,"좋은 가격에 잘 다녀왔습니다.
대마족해요"
5,2024-04-22,예약후 바로 편리하게 사용할수 있어서 좋았습니다
5,2024-04-20,저렴하고 편하게 이용했어요
5,2024-04-16,이용이 편했어요 굳
5,2024-04-15,좋은데 평일 역시 너무 짧네요 ㅠ
5,2024-04-13,입장이 바로 가능하여 편하네요!
5,2024-04-13,좋은 가격에 잘 다녀왔습니다.
5,2024-04-08,굿굿입니다 감사합니다
5,2024-04-07,저렴하게 잘놀다왔어요
5,2024-04-04,싸게 잘 놀았습니다!!
5,2024-04-04,사람많누 하하하ㅏ핳하
5,2024-04-01,"구매 후 5분 정도 뒤에 QR을 보내줘서
바로 사용이 가능했어요
덕분에 잘 다녀왔습니다!"
5,2024-04-01,"남자친구 군대 전 날 마지막으로 가고 싶었는데, 저렴한 가격으로 잘 다녀왔습니다!"
5,2024-04-01,롯데월드는 언제나 동심잃지않고 한결같이 운영하는게 메리트인거같아요 재밌게 놀다갑니다!~
5,2024-03-28,입장할때 문제가 좀 잇엇지만 재미잇게 잘놀다왔습니다
5,2024-03-26,편하게 잘 활용했어요
5,2024-03-26,꿀잼이고 신나는 경험
5,2024-03-24,저렴하게 구입이 가능하고 빨리 티켓을받을수있었습니다
5,2024-03-23,급하게 구매했는데 바로 사용할 수 있어좋았답니다
5,2024-03-23,예약편하고 바로입장이라 완벽했어요
5,2024-03-14,구매 후 바로 사용이 가능해서 너무 편하고 좋았습니다!
5,2024-03-14,급하게사서 당일입장가능해서 좋았어요 편리했어요
5,2024-03-08,qr만 보여주면 바로 들어갈 수 있어요
1,2024-03-05,"골든패스는 단체에게 부담스럽고 자유이용권을 끈고도 기다리는 시간에 공평성이 없다고 생각합니다.
자본주의 롯데인것같습니다.다시 방문할  생각이 없게 만드네요.그래도 내 아이의 경험이 즐거웠다니 다행입니다."
5,2024-03-05,저렴하게 구입해서 잘 사용했습니다
4,2024-03-04,저렴하게 잘 이용했습니다.
5,2024-03-04,바로 사용가능해서 좋았어요
5,2024-03-04,들어오자마자 인생첫 롯데월드에 눈이 뒤집혔습니다 미쳤어요
5,2024-03-04,"온라인구매직후 표를  바로받아서 사용가능했습니다.
앞으로도 이용할계획입니다."
4,2024-03-04,바코드로 편하게 입장 했습니다.
5,2024-03-04,아이들이좋아했어요신나함
5,2024-03-04,티켓구매부터 입장해서 종일놀기좋았어요~~
1,2024-03-04,"사람이 너~~~~무 많아서
하나 기다리는데 4시간이상이라니..
초등입학하는 딸램데리거 갓다가
몇개 타지도 못하고 줄만 주구장창..
물하나 사먹는데도 30분...
이정도는 인원제한을 해야하는거 아닌가요.."
5,2024-03-04,아이들이 좋아하는 장소에요. 또래끼리 놀기 너무 즐거웠습니다!
5,2024-03-04,빠르게 입장 가능해서 좋았고 저렴하게 산 것 같아 좋았어요.
5,2024-03-04,바로입장이 가능해서 사용하기 편리했습니다
5,2024-03-04,편하고 저렴하게 잘 이용했습니다
5,2024-03-04,아이가 잘놀고 왔어요
5,2024-03-04,빠르게 이용해서 좋아요
5,2024-03-04,너무 잘 다녀왔습니다. 저렴한 가격으로 롯데월드 다녀와서 좋았습니다.
5,2024-03-03,아이가 롯데월드에 간다해서 여기서 구매해서 줬는데 잘놀고왔다고해요. 쿠폰도 써서 저렴하게 구매했어요.
5,2024-03-01,간편하게 입장 가능해서 좋아요!
5,2024-03-01,아이들이 즐거워해서 좋았어요
5,2024-02-27,좋아요엄청편햇고 짱이에요
5,2024-02-27,저렴한 가격으로 간편한입장 하였어요~
5,2024-02-25,롯월 오픈런하세요 무조건
5,2024-02-23,입장도 편하고 바로 들어가서 재밌게 놀았습니다
5,2024-02-18,처음에 구매했을때 실수로 취소 눌러서 완전 놀랐는데 문의햇던 상담사님이 너무 친절하시고 다시 예약 해주셔서 갈 수 잇었어요!! 그리고 티켓은 1시간 이내는 아니지만 제대로 와서 좋앗구 완전 신나게 놀고 돌아왓습니당😽
5,2024-02-18,좋았어요^^ 오래간만에감
5,2024-02-17,바코드로 바로 입장가능
5,2024-02-14,사람 엄청 많았지만 그래도 좋았어요
5,2024-02-11,"어머니와 나, 아들 즐거운 추억 만들었습니다."
5,2024-02-11,퇴근하고 입장하기에 딱이에요 오히려 사람 없고 좋아요ㅋㅋㅋ 2시간동안 세개나 탔어요!
5,2024-02-08,"아이와 같이 갔는데 너무 재밌었고 , 직원들도 친절했어요."
5,2024-02-08,바로 사용가능한 점이 가장 큰 장점같아요!!
5,2024-02-06,사람이 많아 아쉬웠고 사용방법은 간단하고 저렴해서 좋아용
5,2024-02-05,4시땡 되자마자 기다리는 줄이 쑤욱 빠졌고 평일에 방문했는데 4시 입장 9시 퇴장 총 5시간 동안 놀이기구 5개랑 퍼레이드 구경 사진까지 야무지게 잘 찍었습니다 ㅎㅎ
5,2024-02-05,"롯데월드 말하나마나 누구나 다 아는..
정말 재밌게 잘 놀다 왔어요. 아이가 무척 좋아합니다."
4,2024-01-30,오랜만에 방문한 롯데월드! 신나게 놀다 왔습니다:)
5,2024-01-29,바로 구매해서 바로 입장할 수 있어 좋아요!
5,2024-01-28,"제가 문자로 받은 바코드 티켓을 삭제해서 너무 당황스러웠는데 주말 임에도 불구하고 바로 다시 보내주셔서 너무 감사했습니다ㅠ
다만 통화량이 많아 연결이 오래걸리니 사용하시는 분들은 참고해주시면 좋을거 같아요😊"
5,2024-01-26,"아주아주 편하게 잘 다녀왔어요
말해 뭐해요~"
5,2024-01-25,큐알 코드로 바로 빠르게 입장했어요
5,2024-01-21,되게 좋았구 놀이기구도 재밌었음
5,2024-01-19,"아이가 친구들이랑 가는거라 급하게 준비했는데, 편하게 잘 사용해서 좋았습니다."
5,2024-01-14,좋습니다 친절해욥
5,2024-01-09,사용이 편하네요 가끔 스팸으로 와서 못 볼뻔
5,2024-01-05,"퍼레이드 관람하러 입장권만 끊고 갔는데, 사람은 많았지만 즐거웠습니다"
5,2024-01-04,크리스마스 당일에 아들과 둘이 롯데월드 퍼포먼스만 보러 가고 싶어서 6시 50분쯤 도착하고 키오스크로 티켓을 구매하려고 하다가 가격 보고 혹시나 마이리얼트립을 들어갔더니 오후 7시 티켓을 저렴하게 판매하는 걸 봤어요. 키오스크에는 오후 7시 티켓이 안 나오던데 10분 남기고 돈 아끼고 좋았습니다~!
2,2024-01-04,"평일인데 사람이 너무 많고 대기가 기본 80분이여서
종합이용권이여도 기구를 못타니 의미가 없음..
달랑 두개타고 퍼레이드 보고 옴"
5,2024-01-04,아이가 친구들과 방문했는데 기다리지 않고 바로 입장해서 너무 편리했어요.
5,2024-01-04,재미있고 좋은 시간 보냈습니다
5,2024-01-04,더 저렴한 가격에 제공하면 좋겠어요
5,2024-01-04,크리스마스 이브라 사람 많았지만 입장 기다리지 않고 바로 할 수 있어서 좋았습니다:)
5,2024-01-04,좀 더 저렴한 가격에 빠른 예약 및 입장으로 수월하게 사용할 수 있었습니다. 집과 가까와서 자주 이용할 수 있을 거 같습니다~
1,2024-01-04,야외시설 아예 이용못한것 치고는 비싼가격입니다
5,2024-01-04,"신용카드 할인 혜택이 안되서 알아보던중 제일 최저가로 그래도 구매해서 갓네요
바로 큐알 찍고 들어가서 편해요!!"
5,2024-01-04,날씨가  너무 추운날이라...야외놀이 기구를 이용 못해서 아쉬웠지만...친구들과  즐거운 추억  만들었네요~
5,2024-01-01,구입 후 바로 사용 할 수 있어서 편했습니다.
5,2024-01-01,바로 입장 가능하여 편함
5,2024-01-01,사용이 편하고 이용이 편함
5,2024-01-01,저렴한가격 빠른구매 입구에서 바로 구매해서 입장했어요 굿굿굿
1,2024-01-01,7시면 탈수있는게 없어요. 퍼레이드로 다 막혀있고 퍼레이드 끝나면 나가라고 해요
5,2024-01-01,놀이기구 못타는데 퍼레이드만 볼 수 있어서 너무 좋아요
5,2024-01-01,잘 이용해서 놀다왔습니다
4,2024-01-01,금방 티켓 구매해서 사용하기 쉬워 좋았음
5,2023-12-31,사람이 많아도 크리스마스 시즌에 놀이공원 가보고 싶었는데..저녁8시 퍼레이드가 로망을 실현해 줬습니다^^
5,2023-12-29,"퍼레이드
보기 좋았어요"
5,2023-12-28,빠르고 쉬운 예약이라 좋았습니다
5,2023-12-26,매표소 안거치고 바로입장
5,2023-12-26,"구매하자마자 5분만에 큐알코드 문자가 오더라고요! 당일 사용도 되고, 정말 사용하기 편리해요~"
5,2023-12-25,젛아요!! ㅎㅎㅎ!!
5,2023-12-24,애프터 7 쿠폰을 실수로 샀는데 환불이 1일 지나도 안되네요
5,2023-12-23,비오는 날 날씨 관계 없이 즐길 수 있어 좋아요
5,2023-12-21,애들이 너무 좋아했어요~ 사람은 역시 엄청 많네요
5,2023-12-21,놀이기구는 몇개 못 탔지만 퍼레이드 보고 좋았어요
5,2023-12-20,너무 편하고 주차정산도 편해요
